{
    "Bert": {
        "CPU": {
            "mem": [0, 896],
            "avg": {
                "Exponential":[[1.9869051345157576, 0.2982633370207349, 0.12364247010450166], [3.009837015087181, 0.3567659063814798, 0.19203441457329043], [3.6708409748847983, 0.39572041159887555, 0.25758713059002275], [4.55862319732959, 0.4089752787180357, 0.32189882582289897]]
            },
            "max": {
                "Exponential": [[1.802730730530476, 0.4420760677150916, 0.16941114958965106], [2.8639277413706847, 0.46102509684556947, 0.26042381366432643], [3.6391792125824813, 0.48897353128263027, 0.3385845780035127], [5.094011254145101, 0.44795711601112814, 0.4222021387459914]]
            }
        },
        "GPU" :{
            "mem": 512,
            "gpu_mem": [],
            "A10": {
                "l1": 0.0010292705272600062,
                "l2":  0.0015764113037945399,
                "t": 0.002,
                "G": 24,
                "a": 0.43,
                "b": 0.57
            }
        }
    },
    "GPT-2": {
        "CPU": {
            "mem": [23.04, 1246.72],
            "avg": {
                "Exponential": [[14.863729378660587, 0.3851798704484038, 0.7082322518643239], [36.3689200605618, 0.3300476238946864, 1.2181370403418714], [33.182636255738146, 0.3606027240814251, 1.2359382181314134], [35.073526469556136, 0.363350050137528, 1.4922820020055776]]
            },
            "max": {
                "Exponential": [[18.063650815710595, 0.37659053129197884, 0.8689238295464519], [55.040051467601664, 0.295547918622623, 1.5653112679185608], [46.90282445577863, 0.32803102148157354, 1.5702049909285998], [48.328580564156276, 0.33315035818904676, 1.8059211690707744]]}
        },
        "GPU": {
            "mem": 1024,
            "gpu_mem": [27],
            "A10": {
                "l1": 0.00102143,
                "l2": 0.20069524,
                "t": 0.002,
                "G": 24
            }
        }
    },
    "VGG19": {
        "CPU": {
            "mem": [36.57142857, 807.6190476],
            "avg": {
                "Polynomial": {},
                "Exponential": [[1.8260695578676214, 0.5283726420022545, 0.18015427168547402], [4.849070286817897, 0.4322505914521466, 0.3644750704985931], [6.525043654279533, 0.45923392645406674, 0.533468087304086], [8.922555068657605, 0.4484733129911248, 0.7569893954072374]]
            },
            "max": {
                "Polynomial": {},
                "Exponential": [[2.8046821487917626, 0.4861966854235096, 0.2486015254149421], [4.9219043468043475, 0.48909337170637446, 0.3932803431571859], [6.9439000301849525, 0.5051632662978255, 0.5695388754016029], [9.65159701751372, 0.46592585483072324, 0.8287713748262584]]
            }
        },
        "GPU": {
            "mem": 512,
            "gpu_mem": [0],
            "A10": {
                "l1": 0.001679844365532822,
                "l2": 0.002113091944793135,
                "t": 0.002,
                "G": 24
            }
        }
    },
    "VideoMAE": {
        "CPU": {
            "mem": [1505.28, 1945.6],
            "avg": {
                "Exponential": [[4.710653956393892, 2.4335311937288204, 0.8123285935197663], [7.999598444120621, 2.61689532968482, 1.592392690556512], [10.205520303734046, 2.9911803310642093, 2.073114072198299], [14.698783006708515, 2.9318437731416527, 2.6063738963319936]]
            },
            "max": {
                "Exponential": [[5.677672101837821, 2.113375994350193, 1.0977522574095109], [5.849101720887206, 3.3266270638436835, 2.013759795624739], [8.149015985138195, 3.6343714099663798, 2.576157284101622], [21.00790451262769, 2.1762147032193297, 3.5932999920750377]]
            }
        },
        "GPU": {
            "mem": 512,
            "gpu_mem": [0, 4, 6, 12, 14],
            "A10": {
                "l1": 0.03263382,
                "l2": -0.00045,
                "t": 0.002,
                "G": 24
            }
        }
    }
}