{
    "Bert": {
        "CPU": {
            "mem": [0, 896],
            "avg": {
                "Exponential":[[1.9869051345157576, 0.2982633370207349, 0.12364247010450166], [3.009837015087181, 0.3567659063814798, 0.19203441457329043], [3.6708409748847983, 0.39572041159887555, 0.25758713059002275], [4.55862319732959, 0.4089752787180357, 0.32189882582289897]]
            },
            "max": {
                "Exponential": [[1.802730730530476, 0.4420760677150916, 0.16941114958965106], [2.8639277413706847, 0.46102509684556947, 0.26042381366432643], [3.6391792125824813, 0.48897353128263027, 0.3385845780035127], [5.094011254145101, 0.44795711601112814, 0.4222021387459914]]
            }
        },
        "GPU" :{
            "mem": 512,
            "gpu_mem": [],
            "A10": {
                "l1": 0.0010292705272600062,
                "l2":  0.0015764113037945399,
                "t": 0.002,
                "G": 24,
                "a": 0.43,
                "b": 0.57
            }
        }
    },
    "VGG19": {
        "CPU": {
            "mem": [36.57142857, 807.6190476],
            "avg": {
                "Polynomial": {},
                "Exponential": [[1.8260695578676214, 0.5283726420022545, 0.18015427168547402], [4.849070286817897, 0.4322505914521466, 0.3644750704985931], [6.525043654279533, 0.45923392645406674, 0.533468087304086], [8.922555068657605, 0.4484733129911248, 0.7569893954072374]]
            },
            "max": {
                "Polynomial": {},
                "Exponential": [[2.8046821487917626, 0.4861966854235096, 0.2486015254149421], [4.9219043468043475, 0.48909337170637446, 0.3932803431571859], [6.9439000301849525, 0.5051632662978255, 0.5695388754016029], [9.65159701751372, 0.46592585483072324, 0.8287713748262584]]
            }
        },
        "GPU": {
            "mem": 512,
            "gpu_mem": [0],
            "A10": {
                "l1": 0.001679844365532822,
                "l2": 0.002113091944793135,
                "t": 0.002,
                "G": 24
            }
        }
    },
    "ResNet50": {
        "CPU": {
            "mem": [19.65354331, 328.5669291],
            "avg": {
                "Polynomial": {},
                "Exponential": [[6.069736896335213, 0.18031878672638116, 0.08745499512280004], [2.3921286968985607, 0.3388207914844387, 0.13985429931636395], [4.09264237715547, 0.31990253310072403, 0.2104687889278591], [4.5241861072583465, 0.3405918551101196, 0.2692349714903651]]
            },
            "max": {
                "Polynomial": {},
                "Exponential": [[3.194085572216294, 0.2488621740754619, 0.11441597518785938], [2.2437701055499955, 0.39649440945869585, 0.15961490557384517], [3.880777744947811, 0.36139785307888916, 0.24341189784741915], [4.122141026355216, 0.396758414660234, 0.2900065266903881]]

            }
        },
        "GPU": {
            "mem": 512,
            "gpu_mem": [],
            "A10": {
                "l1": 0.0009091650548532097,
                "l2": 0.0007191991608103308,
                "t": 0.002,
                "G": 24
            }
        }
    }
}